{
  "accuracy": 0.981166,
  "precision": 0.977612,
  "recall": 0.879195,
  "f1": 0.925795,
  "cv_f1_mean": 0.925945,
  "cv_f1_std": 0.012677,
  "confusion_matrix": [
    [
      963,
      3
    ],
    [
      18,
      131
    ]
  ],
  "n_samples": 5572,
  "n_spam": 747,
  "n_ham": 4825,
  "n_train": 4457,
  "n_test": 1115,
  "n_features": 5000,
  "vectorizer": "TF-IDF (1-2 grams)",
  "model": "MultinomialNB (alpha=0.1)",
  "random_state": 42
}